"","ECODISTRIC","Province_ID","Texture","DeltaSOC_avg"
"1",244,"AB","fine",-0.2572621364
"2",244,"AB","medium",-0.316465823
"3",244,"BC","fine",-0.121028692
"4",244,"BC","medium",0.0025392906
"5",252,"BC","medium",-0.0928693664
"6",371,"MB","fine",-0.016237391
"7",374,"ON","coarse",0.016980848
"8",375,"MB","coarse",0.2162838476
"9",375,"MB","fine",0.25473114
"10",375,"MB","medium",0.202114919
"11",376,"MB","medium",0.032480512
"12",378,"ON","coarse",0.0159091704
"13",378,"ON","medium",0.099027881
"14",379,"MB","coarse",0.24092773
"15",379,"MB","medium",0.1192250712
"16",380,"MB","coarse",0.27429033
"17",380,"MB","fine",0.173868126
"18",380,"MB","medium",0.1444467478
"19",381,"ON","medium",0.2894511068
"20",383,"ON","coarse",0.139701427
"21",383,"ON","medium",0.223636288
"22",386,"ON","coarse",-0.128678328
"23",391,"ON","coarse",-0.060365746
"24",400,"ON","fine",0.116691232
"25",401,"ON","coarse",0.236823168
"26",401,"ON","fine",0.149589732
"27",401,"ON","medium",0.0541531678
"28",401,"QC","fine",0.226311097
"29",401,"QC","medium",0.170296236
"30",402,"ON","medium",0.1802043764
"31",407,"ON","coarse",0.2432707346
"32",407,"ON","fine",0.09064423
"33",408,"ON","medium",0.061463264
"34",408,"QC","coarse",0.170370697
"35",408,"QC","fine",0.111659417
"36",408,"QC","medium",0.078463411
"37",408,"QC","na",0.325148455
"38",409,"ON","coarse",0.319982489
"39",409,"ON","medium",0.1728917042
"40",410,"ON","coarse",0.2252752408
"41",410,"ON","medium",0.163162548
"42",411,"ON","coarse",0.170633629
"43",411,"ON","medium",0.1038522096
"44",412,"ON","fine",0.239693827
"45",412,"ON","medium",0.183579705
"46",413,"ON","coarse",0.23734385
"47",413,"ON","fine",0.012111955
"48",413,"ON","medium",0.150797131
"49",415,"QC","coarse",0.300097728
"50",415,"QC","medium",0.200527371
"51",418,"QC","coarse",0.1101887316
"52",418,"QC","fine",0.009972616
"53",418,"QC","medium",0.144021787
"54",419,"QC","medium",0.244197662
"55",421,"QC","coarse",0.24209492
"56",421,"QC","medium",0.205256846
"57",422,"QC","coarse",0.651389185
"58",422,"QC","medium",0.120188463
"59",423,"QC","coarse",0.125183835
"60",424,"QC","coarse",0.099243471
"61",424,"QC","fine",0.153785129
"62",424,"QC","medium",0.130078685
"63",425,"QC","coarse",0.201302215
"64",425,"QC","fine",0.008643651
"65",425,"QC","medium",0.214464643
"66",426,"QC","coarse",0.255542846
"67",426,"QC","medium",0.148439414
"68",431,"QC","medium",0.221623812
"69",438,"QC","coarse",0.263755946
"70",438,"QC","medium",0.281954708
"71",439,"QC","medium",0.17038301
"72",440,"QC","coarse",0.368994925
"73",440,"QC","medium",0.251628668
"74",441,"QC","coarse",0.265412128
"75",441,"QC","fine",0.304092574
"76",441,"QC","medium",0.056928654
"77",441,"QC","na",0.0204952664
"78",455,"NF","coarse",0.308881851
"79",458,"NF","coarse",-0.010730165
"80",458,"NF","medium",-0.132717647
"81",460,"NF","medium",0.184686122
"82",461,"NF","medium",0.2895980298
"83",462,"NF","medium",0.304422271
"84",463,"NF","medium",0.148489104
"85",466,"NF","medium",0.0788196344
"86",468,"NF","medium",0.108408913
"87",471,"NF","coarse",0.019917878
"88",471,"NF","medium",0.126966874
"89",475,"NF","coarse",-0.197734181
"90",475,"NF","medium",0.057697611
"91",477,"NF","coarse",0.385238078
"92",478,"QC","coarse",0.070634578
"93",478,"QC","medium",0.064043986
"94",478,"QC","na",0.0983719182
"95",479,"QC","coarse",0.10432929
"96",479,"QC","fine",0.254464856
"97",479,"QC","medium",0.056901771
"98",481,"QC","medium",0.064526201
"99",482,"QC","coarse",0.220093236
"100",482,"QC","medium",0.03349283
"101",482,"QC","na",0.0522870484
"102",483,"QC","coarse",0.223356155
"103",483,"QC","medium",0.331536703
"104",484,"NB","medium",0.171170198
"105",484,"QC","medium",0.0019540328
"106",485,"NB","coarse",0.090236663
"107",485,"NB","medium",0.103743771
"108",486,"NB","coarse",0.031365959
"109",486,"NB","medium",0.01952126
"110",487,"NB","coarse",0.115210978
"111",487,"NB","medium",0.15232863
"112",487,"QC","coarse",0.042781413
"113",487,"QC","medium",0.0438689466
"114",488,"NB","coarse",0.283599549
"115",488,"NB","medium",0.338697377
"116",489,"NB","coarse",-0.016826704
"117",489,"NB","medium",0.142522072
"118",490,"NB","coarse",0.028290068
"119",490,"NB","medium",0.020413992
"120",493,"NB","coarse",0.016614373
"121",493,"NB","fine",0.053169448
"122",493,"NB","medium",0.071319269
"123",494,"NB","medium",0.117611425
"124",495,"NB","coarse",0.207640141
"125",495,"NB","medium",0.181330561
"126",496,"NB","coarse",0.132059314
"127",496,"NB","fine",0.10096358
"128",496,"NB","medium",0.158083016
"129",497,"NB","coarse",0.112320235
"130",497,"NB","medium",0.046120002
"131",498,"NB","coarse",0.181510298
"132",499,"NB","coarse",0.10427991
"133",499,"NB","fine",0.051994001
"134",499,"NB","medium",0.096697748
"135",500,"NB","coarse",0.098194877
"136",500,"NB","fine",0.005630629
"137",500,"NB","medium",-0.020508483
"138",501,"NB","coarse",0.087825961
"139",501,"NB","medium",0.030152564
"140",502,"NB","coarse",0.175389884
"141",502,"NB","medium",0.18853171
"142",503,"NB","coarse",0.096328112
"143",503,"NB","fine",0.029225124
"144",503,"NB","medium",0.030045478
"145",504,"NB","coarse",0.056750527
"146",504,"NB","medium",-0.036041229
"147",504,"NS","coarse",0.0615926772
"148",504,"NS","medium",0.019317407
"149",505,"NB","coarse",0.161947595
"150",505,"NB","medium",0.1404794458
"151",506,"NB","coarse",0.115176751
"152",506,"NB","medium",0.060441603
"153",507,"NB","coarse",0.079321923
"154",507,"NB","medium",0.0809922322
"155",507,"NS","coarse",0.077650216
"156",507,"NS","medium",-0.083310673
"157",508,"NB","coarse",0.040814416
"158",509,"NS","coarse",-0.010869831
"159",509,"NS","medium",0.120413486
"160",510,"NS","coarse",0.088446635
"161",510,"NS","medium",0.059036715
"162",511,"NS","medium",0.0853242426
"163",512,"NS","medium",-0.0851201316
"164",513,"NS","coarse",0.405812773
"165",513,"NS","medium",0.528013073
"166",514,"NS","coarse",-0.018104922
"167",516,"NS","coarse",0.212305344
"168",516,"NS","medium",0.191408917
"169",517,"NS","coarse",0.061960674
"170",517,"NS","medium",0.015067659
"171",518,"NS","coarse",0.083894533
"172",518,"NS","medium",-0.0520214822
"173",519,"NS","medium",0.065320077
"174",520,"NS","coarse",0.159219664
"175",520,"NS","medium",0.16331982
"176",521,"NS","medium",-0.138100083
"177",522,"NS","coarse",0.149353498
"178",522,"NS","medium",0.159677163
"179",523,"NS","coarse",0.127589805
"180",523,"NS","medium",0.119050242
"181",524,"NS","coarse",0.074210237
"182",524,"NS","medium",0.049906523
"183",525,"NS","coarse",0.111521512
"184",525,"NS","medium",0.082117974
"185",527,"NS","coarse",0.062569378
"186",527,"NS","medium",0.038016912
"187",528,"NS","coarse",0.056771001
"188",528,"NS","medium",0.0410994218
"189",529,"NS","medium",0.081004553
"190",530,"NS","coarse",0.150955216
"191",530,"NS","medium",0.109751805
"192",531,"NS","coarse",0.0784440194
"193",531,"NS","medium",0.026949783
"194",534,"PE","coarse",0.0671280974
"195",534,"PE","medium",0.057116027
"196",535,"PE","coarse",0.0984592138
"197",536,"PE","coarse",0.095505914
"198",536,"PE","medium",0.0776026814
"199",537,"PE","coarse",0.0914010316
"200",537,"PE","medium",0.0573854218
"201",538,"PE","coarse",0.1242725142
"202",539,"QC","medium",0.281118958
"203",540,"QC","coarse",0.1441456476
"204",540,"QC","fine",-0.060942242
"205",540,"QC","medium",0.16862315
"206",541,"ON","fine",0.190459335
"207",541,"ON","medium",0.0137435218
"208",541,"QC","coarse",0.1513033684
"209",541,"QC","fine",-0.086236299
"210",541,"QC","medium",0.244014917
"211",542,"ON","fine",-0.0197320672
"212",542,"ON","medium",0.1101554344
"213",543,"ON","coarse",0.30153714
"214",543,"ON","fine",-0.0139398062
"215",543,"ON","medium",-0.106862933
"216",543,"QC","fine",-0.124654587
"217",543,"QC","medium",0.123233135
"218",544,"ON","coarse",0.259062858
"219",544,"ON","fine",0.22290157
"220",544,"ON","medium",-0.034110391
"221",545,"ON","coarse",0.162254426
"222",545,"ON","fine",0.115231928
"223",545,"ON","medium",-0.051883722
"224",546,"ON","fine",0.150494465
"225",546,"ON","medium",0.1015383716
"226",546,"QC","medium",-0.054681521
"227",547,"ON","coarse",0.170793431
"228",547,"ON","fine",0.216645827
"229",547,"ON","medium",0.0924329692
"230",548,"QC","medium",0.129245043
"231",549,"ON","fine",-0.029536692
"232",549,"ON","medium",-0.003201244
"233",550,"ON","coarse",0.1389603894
"234",550,"ON","fine",0.075153662
"235",550,"ON","medium",0.1513639488
"236",551,"ON","coarse",0.1131549906
"237",551,"ON","fine",0.00651319
"238",551,"ON","medium",0.1657438
"239",552,"ON","coarse",0.0569451012
"240",552,"ON","medium",0.152321168
"241",553,"ON","coarse",0.090564616
"242",553,"ON","fine",0.1069383778
"243",553,"ON","medium",0.169714604
"244",554,"ON","coarse",0.051349533
"245",554,"ON","medium",0.171804709
"246",555,"ON","coarse",0.053151852
"247",555,"ON","fine",-0.01254434
"248",555,"ON","medium",0.134072494
"249",556,"ON","coarse",0.065138331
"250",556,"ON","fine",-0.016400402
"251",556,"ON","medium",0.071688997
"252",557,"ON","coarse",0.1351010376
"253",557,"ON","medium",0.027356399
"254",558,"ON","coarse",0.114413229
"255",558,"ON","fine",0.055191673
"256",558,"ON","medium",0.075531581
"257",559,"ON","medium",0.154205222
"258",560,"ON","coarse",0.0458928456
"259",560,"ON","medium",0.0917707072
"260",561,"ON","coarse",0.0632814242
"261",561,"ON","fine",0.123016784
"262",561,"ON","medium",0.0571029702
"263",562,"ON","fine",0.098210151
"264",562,"ON","medium",0.005888574
"265",563,"ON","medium",0.1123144034
"266",564,"ON","coarse",0.086016338
"267",564,"ON","fine",0.013932934
"268",564,"ON","medium",0.025165667
"269",565,"ON","coarse",0.201061232
"270",565,"ON","fine",0.091169865
"271",565,"ON","medium",0.100291537
"272",566,"ON","coarse",0.0816894
"273",566,"ON","fine",0.0112253608
"274",566,"ON","medium",-0.001823537
"275",567,"ON","coarse",0.067492612
"276",567,"ON","fine",0.052781469
"277",567,"ON","medium",0.067811174
"278",568,"ON","coarse",0.096972676
"279",568,"ON","fine",0.1704649934
"280",568,"ON","medium",0.056478885
"281",569,"ON","coarse",-0.0869054328
"282",569,"ON","fine",0.024878585
"283",569,"ON","medium",0.136784261
"284",570,"ON","coarse",0.166743949
"285",570,"ON","fine",0.147114795
"286",570,"ON","medium",0.072447117
"287",571,"ON","coarse",0.077530139
"288",571,"ON","fine",0.08942368
"289",571,"ON","medium",0.039968803
"290",572,"ON","coarse",0.0848337558
"291",572,"ON","fine",0.11630703
"292",572,"ON","medium",0.081860007
"293",581,"BC","coarse",-0.070956852
"294",581,"BC","medium",0.000605808999999993
"295",583,"AB","fine",-0.167178138
"296",583,"AB","medium",-0.227948778
"297",583,"BC","fine",-0.101340438
"298",583,"BC","medium",0.017539249
"299",584,"AB","fine",-0.254153588
"300",585,"BC","coarse",0.0444893758
"301",585,"BC","fine",0.24327844
"302",585,"BC","medium",0.106700941
"303",586,"AB","coarse",0.04310559
"304",586,"AB","fine",-0.1100183644
"305",586,"AB","medium",-0.068305455
"306",587,"AB","coarse",0.016342307
"307",587,"AB","medium",-0.062000864
"308",588,"AB","coarse",-0.0091100044
"309",588,"AB","fine",-0.069916926
"310",588,"AB","medium",-0.055507569
"311",589,"AB","coarse",-0.01483951
"312",589,"AB","medium",-0.0591370722
"313",590,"AB","fine",0.012874793
"314",590,"AB","medium",-0.045324381
"315",591,"AB","coarse",0.119104655
"316",591,"AB","fine",-0.045733618
"317",591,"AB","medium",-0.055696439
"318",591,"BC","coarse",0.073132642
"319",591,"BC","fine",0.0749963846
"320",591,"BC","medium",-0.005617464
"321",592,"AB","coarse",0.03812938
"322",592,"AB","fine",-0.0414534912
"323",592,"AB","medium",0.248280394
"324",593,"AB","fine",0.049355352
"325",593,"AB","medium",0.110668528
"326",594,"AB","fine",-0.015041494
"327",595,"AB","fine",0.002766354
"328",595,"AB","medium",-0.0598569252
"329",596,"AB","coarse",-0.002094359
"330",596,"AB","fine",-0.010789218
"331",596,"AB","medium",-0.049616542
"332",597,"AB","coarse",0.04600115
"333",597,"AB","fine",-0.0172217024
"334",597,"AB","medium",0.083570883
"335",598,"AB","fine",0.0062675474
"336",598,"AB","medium",0.017602941
"337",599,"AB","fine",0.100826047
"338",599,"AB","medium",0.115315434
"339",600,"AB","coarse",0.0633524344
"340",600,"AB","fine",-0.006117743
"341",600,"AB","medium",0.049799273
"342",609,"AB","fine",-0.090177366
"343",610,"AB","coarse",0.023212603
"344",610,"AB","fine",-0.0101511404
"345",610,"AB","medium",0.0965992972
"346",611,"AB","coarse",-0.0031126258
"347",611,"AB","fine",-0.096977506
"348",611,"AB","medium",-0.0394819296
"349",612,"AB","fine",-0.085565293
"350",612,"AB","medium",0.01783619
"351",615,"AB","coarse",0.0042926814
"352",615,"AB","medium",0.020206618
"353",616,"AB","coarse",0.090504754
"354",616,"AB","medium",0.044806811
"355",617,"AB","coarse",0.0305562764
"356",617,"AB","fine",0.060944428
"357",617,"AB","medium",0.030219078
"358",618,"AB","coarse",0.019885096
"359",618,"AB","fine",-0.093717374
"360",618,"AB","medium",-0.0074607032
"361",618,"BC","coarse",0.0347429098
"362",618,"BC","fine",-0.014579043
"363",618,"BC","medium",-0.00480199500000001
"364",619,"AB","medium",0.039500946
"365",622,"AB","coarse",0.098655955
"366",622,"AB","medium",0.0105569532
"367",623,"AB","coarse",0.0538287518
"368",623,"AB","fine",-0.011319607
"369",623,"AB","medium",-0.016834211
"370",625,"AB","coarse",0.043346044
"371",625,"AB","medium",0.018000807
"372",626,"AB","medium",0.068182722
"373",629,"AB","coarse",-0.055264413
"374",629,"AB","fine",-0.0554036708
"375",629,"AB","medium",-0.024137958
"376",630,"AB","coarse",-0.043790711
"377",630,"AB","fine",0.1885029256
"378",630,"AB","medium",-0.049972059
"379",631,"AB","fine",-0.085829377
"380",631,"AB","medium",-0.079882392
"381",647,"SK","coarse",0.109616478
"382",647,"SK","medium",0.042021236
"383",650,"AB","coarse",-0.001153266
"384",650,"AB","fine",-0.0155548332
"385",650,"AB","medium",-0.024563007
"386",652,"SK","coarse",0.032710399
"387",652,"SK","medium",0.006294059
"388",657,"SK","coarse",0.052182099
"389",657,"SK","medium",0.076799508
"390",658,"SK","coarse",0.027786758
"391",658,"SK","medium",0.101050323
"392",660,"SK","coarse",0.137780418
"393",660,"SK","medium",0.023651994
"394",661,"SK","coarse",0.044762143
"395",661,"SK","medium",0.073347092
"396",662,"SK","coarse",0.083790268
"397",667,"MB","medium",0.136305326
"398",669,"MB","medium",0.327238084
"399",669,"SK","medium",-0.0628939354
"400",672,"SK","coarse",0.224487205
"401",672,"SK","fine",0.248777294
"402",672,"SK","medium",0.175843889
"403",677,"MB","fine",0.176064394
"404",678,"AB","coarse",-0.052357929
"405",678,"AB","fine",-0.1092789196
"406",678,"AB","medium",-0.0116061398
"407",679,"AB","medium",-0.009449031
"408",680,"AB","coarse",0.0278498074
"409",680,"AB","medium",0.0598697566
"410",680,"SK","coarse",0.021805094
"411",680,"SK","medium",0.03363735
"412",681,"AB","coarse",0.097867583
"413",681,"AB","fine",0.141513612
"414",681,"AB","medium",0.102811227
"415",682,"SK","coarse",0.120970291
"416",682,"SK","fine",0.029720449
"417",682,"SK","medium",0.087820451
"418",683,"AB","coarse",0.1148963016
"419",683,"AB","medium",0.1989332132
"420",684,"AB","coarse",0.0320831844
"421",684,"AB","fine",-0.012766774
"422",684,"AB","medium",0.029851912
"423",685,"SK","coarse",0.128654485
"424",685,"SK","fine",0.164071703
"425",685,"SK","medium",0.058483278
"426",686,"AB","medium",0.01706713
"427",686,"SK","coarse",0.0014410218
"428",686,"SK","medium",-0.047232149
"429",687,"AB","coarse",0.059516773
"430",687,"AB","medium",0.093433681
"431",687,"SK","coarse",0.111236677
"432",687,"SK","medium",0.061455888
"433",688,"AB","medium",0.110507223
"434",689,"SK","coarse",0.068367865
"435",689,"SK","medium",0.064544936
"436",690,"SK","coarse",0.07888029
"437",690,"SK","medium",0.099727814
"438",691,"SK","coarse",0.1223984462
"439",691,"SK","medium",0.052437625
"440",692,"AB","coarse",-0.006285906
"441",692,"AB","fine",0.05346768
"442",692,"AB","medium",0.037478439
"443",693,"SK","coarse",0.112281323
"444",693,"SK","medium",0.108291922
"445",694,"SK","coarse",0.16086809
"446",694,"SK","fine",0.166229527
"447",694,"SK","medium",0.180825947
"448",695,"SK","coarse",0.123857534
"449",695,"SK","medium",0.120054071
"450",696,"SK","coarse",0.121388365
"451",696,"SK","medium",0.131672151
"452",697,"SK","fine",0.13761418
"453",697,"SK","medium",0.123151365
"454",698,"SK","coarse",0.126577942
"455",698,"SK","medium",0.15087349
"456",699,"SK","medium",0.049563168
"457",700,"SK","fine",0.141591034
"458",700,"SK","medium",0.074556378
"459",701,"SK","coarse",0.101440183
"460",701,"SK","medium",0.139381212
"461",702,"SK","coarse",0.144596333
"462",702,"SK","fine",0.156032936
"463",702,"SK","medium",0.137236317
"464",703,"AB","fine",0.19617497
"465",703,"AB","medium",0.020585319
"466",704,"SK","coarse",0.1957883044
"467",704,"SK","fine",0.218751482
"468",704,"SK","medium",0.147417584
"469",705,"SK","fine",0.136493253
"470",705,"SK","medium",0.103972079
"471",706,"SK","coarse",0.09997623
"472",706,"SK","medium",0.074644925
"473",707,"SK","coarse",0.168395157
"474",707,"SK","fine",0.205473896
"475",707,"SK","medium",0.151895008
"476",708,"AB","coarse",0.042040034
"477",708,"AB","medium",0.01658328
"478",709,"MB","coarse",0.285085656
"479",709,"MB","fine",0.238249379
"480",709,"MB","medium",0.210238718
"481",709,"SK","coarse",0.161064887
"482",709,"SK","fine",0.225037839
"483",709,"SK","medium",0.238920614
"484",710,"SK","coarse",0.172796558
"485",710,"SK","medium",0.069425721
"486",711,"SK","coarse",0.03412894
"487",711,"SK","medium",0.014880101
"488",714,"MB","medium",0.164858503
"489",714,"SK","fine",0.173710383
"490",714,"SK","medium",0.122882474
"491",715,"MB","coarse",0.135351323
"492",715,"MB","fine",0.138852874
"493",715,"MB","medium",0.170924094
"494",715,"SK","fine",0.243186627
"495",715,"SK","medium",0.147448705
"496",716,"MB","coarse",0.295280328
"497",716,"MB","fine",0.135434126
"498",716,"MB","medium",0.166914455
"499",717,"MB","coarse",0.563393888
"500",717,"MB","fine",0.304172976
"501",717,"MB","medium",0.332744297
"502",718,"MB","medium",0.1335678264
"503",720,"MB","fine",0.130264079
"504",723,"MB","coarse",0.223195789
"505",723,"MB","fine",0.107446891
"506",723,"MB","medium",0.195257146
"507",724,"MB","coarse",0.132772023
"508",724,"MB","fine",0.207279467
"509",724,"MB","medium",0.19105159
"510",726,"MB","coarse",0.2446397944
"511",726,"MB","fine",0.168475586
"512",727,"AB","coarse",0.1708428968
"513",727,"AB","fine",0.205464214
"514",727,"AB","medium",0.169423582
"515",728,"AB","coarse",0.131805493
"516",728,"AB","fine",0.065819956
"517",728,"AB","medium",0.159978324
"518",729,"AB","coarse",0.1668908112
"519",729,"AB","medium",0.148666104
"520",729,"SK","coarse",0.127844208
"521",729,"SK","medium",0.083939064
"522",730,"AB","coarse",0.190470599
"523",730,"AB","fine",0.219866621
"524",730,"AB","medium",0.115864056
"525",731,"AB","coarse",0.172538655
"526",731,"AB","medium",0.133497026
"527",732,"AB","medium",0.060159031
"528",733,"SK","coarse",0.124339414
"529",733,"SK","fine",0.089450778
"530",733,"SK","medium",0.129103603
"531",734,"SK","coarse",0.09837674
"532",734,"SK","medium",0.116768154
"533",735,"SK","coarse",0.123863544
"534",735,"SK","medium",0.132363077
"535",736,"SK","coarse",0.126137687
"536",736,"SK","fine",0.076457848
"537",736,"SK","medium",0.155346619
"538",737,"AB","coarse",0.123177116
"539",737,"AB","fine",0.2713931322
"540",737,"AB","medium",0.1778958756
"541",738,"AB","coarse",0.1938645254
"542",738,"AB","medium",0.104671039
"543",739,"AB","coarse",0.104913325
"544",739,"AB","medium",0.1474922348
"545",739,"SK","coarse",0.111145013
"546",739,"SK","medium",0.122151299
"547",740,"AB","coarse",0.1932606674
"548",740,"AB","medium",0.109377031
"549",741,"SK","coarse",0.141911006
"550",741,"SK","fine",0.134005474
"551",741,"SK","medium",0.141621667
"552",742,"SK","coarse",0.119384343
"553",742,"SK","medium",0.149897838
"554",743,"AB","coarse",0.148575764
"555",743,"AB","medium",0.157082983
"556",743,"SK","coarse",0.12307391
"557",743,"SK","fine",0.071148373
"558",743,"SK","medium",0.126467884
"559",744,"AB","fine",-0.0838645022
"560",744,"AB","medium",0.158281155
"561",745,"SK","coarse",0.150188953
"562",745,"SK","fine",0.189644692
"563",745,"SK","medium",0.188112359
"564",746,"AB","medium",0.133773321
"565",747,"SK","coarse",0.190640035
"566",747,"SK","medium",0.2026960364
"567",748,"SK","coarse",0.147449497
"568",748,"SK","fine",0.174262057
"569",748,"SK","medium",0.20841792
"570",749,"SK","coarse",0.2266211118
"571",749,"SK","medium",0.249509661
"572",750,"AB","fine",0.086608981
"573",750,"AB","medium",0.142387532
"574",751,"MB","coarse",0.199106048
"575",751,"MB","medium",0.29580445
"576",751,"SK","coarse",0.159525139
"577",751,"SK","medium",0.24601281
"578",752,"MB","fine",0.222520467
"579",752,"MB","medium",0.320774165
"580",752,"SK","coarse",0.174230053
"581",752,"SK","medium",0.241764656
"582",753,"MB","coarse",0.224339488
"583",753,"MB","fine",0.211557586
"584",753,"MB","medium",0.244380135
"585",754,"SK","coarse",0.159691056
"586",754,"SK","fine",0.135259592
"587",754,"SK","medium",0.198848419
"588",755,"SK","coarse",0.09965966
"589",755,"SK","medium",0.128746155
"590",756,"SK","coarse",0.174662401
"591",756,"SK","medium",0.238524232
"592",757,"MB","coarse",0.1728266304
"593",757,"MB","fine",0.1740684216
"594",757,"MB","medium",0.276888059
"595",758,"MB","coarse",0.1852710398
"596",758,"MB","fine",0.114811399
"597",758,"MB","medium",0.2459534344
"598",759,"MB","coarse",0.148637628
"599",759,"MB","medium",0.2263614676
"600",760,"MB","medium",0.2334149894
"601",760,"SK","coarse",0.180840092
"602",760,"SK","medium",0.257282747
"603",761,"SK","fine",0.209337435
"604",761,"SK","medium",0.265687516
"605",762,"SK","coarse",0.177766705
"606",762,"SK","medium",0.231423239
"607",763,"MB","coarse",0.149494305
"608",763,"MB","fine",0.179289165
"609",763,"MB","medium",0.2485664024
"610",763,"SK","coarse",0.173820189
"611",763,"SK","medium",0.248032664
"612",764,"MB","medium",0.224933975
"613",765,"MB","coarse",0.120502124
"614",765,"MB","medium",0.200532973
"615",766,"MB","coarse",0.160264176
"616",766,"MB","medium",0.261678812
"617",767,"SK","coarse",0.12544778
"618",767,"SK","fine",0.100966812
"619",767,"SK","medium",0.137959542
"620",768,"SK","medium",0.130491308
"621",769,"AB","medium",0.0895077774
"622",770,"SK","coarse",0.104962759
"623",770,"SK","fine",0.053401028
"624",770,"SK","medium",0.112754402
"625",771,"AB","coarse",0.1144372224
"626",771,"AB","fine",0.014701926
"627",771,"AB","medium",0.0929330978
"628",771,"SK","fine",0.07747212
"629",771,"SK","medium",0.1173174948
"630",772,"SK","coarse",0.111621079
"631",772,"SK","medium",0.109458181
"632",773,"SK","coarse",0.111242451
"633",773,"SK","fine",0.041513063
"634",773,"SK","medium",0.094744271
"635",774,"SK","medium",0.110017252
"636",775,"SK","coarse",0.126703116
"637",775,"SK","medium",0.124227918
"638",776,"SK","coarse",0.068708439
"639",776,"SK","medium",0.1093330362
"640",777,"AB","coarse",0.059757812
"641",777,"AB","medium",0.091048752
"642",778,"SK","coarse",0.103091438
"643",778,"SK","medium",0.100849483
"644",779,"AB","medium",0.095665948
"645",780,"SK","coarse",0.096215739
"646",780,"SK","fine",0.039507469
"647",780,"SK","medium",0.093647957
"648",781,"AB","coarse",0.080057201
"649",781,"AB","fine",-0.085673178
"650",781,"AB","medium",0.026420547
"651",782,"SK","coarse",0.107218256
"652",782,"SK","medium",0.123558547
"653",783,"SK","medium",0.151482309
"654",784,"SK","coarse",0.091113066
"655",784,"SK","fine",0.015199772
"656",784,"SK","medium",0.051963047
"657",785,"SK","fine",0.034912162
"658",785,"SK","medium",0.097096682
"659",786,"AB","fine",0.0883914394
"660",786,"AB","medium",0.051382699
"661",787,"AB","medium",0.025843021
"662",788,"AB","fine",0.00864663699999999
"663",788,"AB","medium",0.031914593
"664",789,"SK","coarse",0.0902646924
"665",789,"SK","fine",0.040809607
"666",789,"SK","medium",0.093351824
"667",790,"AB","coarse",0.092256361
"668",790,"AB","medium",0.05288961
"669",791,"AB","medium",0.0299335184
"670",792,"SK","coarse",0.080033041
"671",792,"SK","fine",0.047236884
"672",792,"SK","medium",0.128309722
"673",793,"AB","coarse",0.081317364
"674",793,"AB","fine",0.0062102884
"675",793,"AB","medium",0.0347063454
"676",794,"SK","medium",0.200394074
"677",795,"SK","medium",0.127117885
"678",796,"SK","coarse",0.158697007
"679",796,"SK","medium",0.18324238
"680",797,"AB","coarse",0.072806994
"681",797,"AB","fine",-0.119985296
"682",797,"AB","medium",-0.006043616
"683",798,"AB","coarse",0.117177688
"684",798,"AB","fine",0.152245248
"685",798,"AB","medium",0.053089333
"686",799,"AB","medium",0.115516926
"687",800,"AB","fine",0.082056072
"688",800,"AB","medium",0.121288585
"689",801,"AB","fine",0.194733624
"690",801,"AB","medium",0.1989506498
"691",802,"AB","medium",0.067962153
"692",803,"SK","coarse",0.094541509
"693",803,"SK","fine",0.077308531
"694",803,"SK","medium",0.115705549
"695",804,"AB","coarse",0.048253275
"696",804,"AB","medium",0.078894833
"697",805,"AB","coarse",0.06961395
"698",805,"AB","fine",0.019734864
"699",805,"AB","medium",0.069998445
"700",805,"SK","coarse",0.0826609958
"701",805,"SK","fine",0.04250781
"702",805,"SK","medium",0.075572115
"703",806,"AB","coarse",0.0588498718
"704",806,"AB","fine",0.020866925
"705",806,"AB","medium",0.063267584
"706",807,"SK","fine",0.010705799
"707",807,"SK","medium",0.038905905
"708",808,"SK","coarse",0.048830478
"709",808,"SK","fine",-0.054002586
"710",808,"SK","medium",0.0382219056
"711",809,"AB","coarse",0.058794
"712",809,"AB","medium",0.09595069
"713",809,"SK","coarse",0.042380601
"714",809,"SK","fine",-0.03443303
"715",809,"SK","medium",0.013706385
"716",810,"SK","medium",0.1025910174
"717",811,"AB","coarse",0.0501855788
"718",811,"AB","fine",-0.048818109
"719",811,"AB","medium",0.067115222
"720",811,"SK","fine",-0.022026456
"721",811,"SK","medium",0.024262611
"722",812,"AB","coarse",0.020939416
"723",812,"AB","fine",-0.0514178914
"724",812,"AB","medium",0.0063396646
"725",813,"SK","coarse",0.053402371
"726",813,"SK","fine",0.0046552104
"727",813,"SK","medium",0.0584563836
"728",814,"AB","coarse",0.03964524
"729",814,"AB","medium",0.051887598
"730",815,"AB","coarse",0.0501027404
"731",815,"AB","medium",0.034911462
"732",815,"SK","coarse",0.044210048
"733",815,"SK","medium",0.0610006646
"734",816,"SK","coarse",0.056642047
"735",816,"SK","fine",-0.041355265
"736",816,"SK","medium",0.046936065
"737",817,"SK","fine",-0.032216132
"738",817,"SK","medium",-0.00503286600000001
"739",818,"AB","medium",0.026656801
"740",819,"SK","coarse",0.026564621
"741",819,"SK","medium",0.021363048
"742",820,"SK","coarse",0.032069333
"743",820,"SK","fine",-0.090219484
"744",820,"SK","medium",-0.013919804
"745",821,"AB","coarse",0.0328409822
"746",821,"AB","fine",-0.049194501
"747",821,"AB","medium",0.027950677
"748",821,"SK","coarse",0.034738999
"749",821,"SK","medium",-0.004355992
"750",822,"SK","coarse",0.0849451126
"751",822,"SK","fine",0.00544657300000001
"752",822,"SK","medium",0.066656701
"753",823,"AB","coarse",0.022299344
"754",823,"AB","medium",-0.0301850658
"755",824,"SK","coarse",0.020116596
"756",824,"SK","fine",-0.068201408
"757",824,"SK","medium",0.0135604844
"758",825,"SK","medium",-0.013190739
"759",826,"SK","coarse",0.0313333754
"760",826,"SK","fine",-0.049457032
"761",826,"SK","medium",0.00451108800000001
"762",827,"SK","coarse",0.014457989
"763",827,"SK","fine",-0.139130128
"764",827,"SK","medium",0.0067377226
"765",828,"AB","coarse",0.0143482174
"766",828,"AB","medium",-0.039247972
"767",829,"AB","coarse",0.0085681512
"768",829,"AB","medium",-0.0527155
"769",830,"SK","coarse",0.072944251
"770",830,"SK","fine",0.050574498
"771",830,"SK","medium",0.092587377
"772",831,"SK","coarse",0.089919682
"773",831,"SK","fine",0.110654398
"774",831,"SK","medium",0.137240978
"775",832,"SK","coarse",-0.003682173
"776",832,"SK","fine",-0.073096224
"777",832,"SK","medium",0.0071772652
"778",833,"AB","coarse",0.041841013
"779",833,"AB","fine",0.010830531
"780",833,"AB","medium",0.028277351
"781",833,"SK","fine",0.017789552
"782",833,"SK","medium",-0.0196249224
"783",834,"SK","fine",-0.0066363538
"784",834,"SK","medium",-0.042445811
"785",835,"SK","fine",-0.015343071
"786",835,"SK","medium",-0.029392638
"787",836,"AB","medium",0.07537926
"788",837,"AB","medium",0.074199151
"789",837,"SK","fine",-0.023168342
"790",837,"SK","medium",0.024984907
"791",838,"AB","coarse",-0.058392407
"792",838,"AB","medium",0.018980877
"793",838,"SK","fine",-0.081983483
"794",838,"SK","medium",-0.022513654
"795",839,"MB","coarse",0.311428415
"796",839,"MB","fine",0.341986933
"797",839,"MB","medium",0.3005935612
"798",840,"MB","coarse",0.319022628
"799",840,"MB","fine",0.29101999
"800",840,"MB","medium",0.301974228
"801",841,"MB","coarse",0.225427103
"802",841,"MB","medium",0.2060206484
"803",843,"MB","coarse",0.2219231942
"804",843,"MB","medium",0.285709088
"805",844,"MB","coarse",0.23081278
"806",844,"MB","fine",0.267871638
"807",844,"MB","medium",0.30680877
"808",846,"MB","medium",0.169347243
"809",847,"MB","fine",0.145244543
"810",847,"MB","medium",0.150483646
"811",848,"MB","coarse",0.198706057
"812",848,"MB","medium",0.1385217166
"813",849,"MB","coarse",0.2445186868
"814",849,"MB","fine",0.13321526
"815",849,"MB","medium",0.174765436
"816",850,"MB","coarse",0.158694531
"817",850,"MB","medium",0.333186149
"818",851,"MB","fine",0.191032562
"819",851,"MB","medium",0.189039172
"820",852,"MB","coarse",0.1558568674
"821",852,"MB","fine",0.263878191
"822",852,"MB","medium",0.2154810214
"823",853,"MB","fine",0.159405585
"824",853,"MB","medium",0.254534346
"825",854,"MB","coarse",0.170405792
"826",854,"MB","medium",0.163342948
"827",855,"MB","medium",0.19474445
"828",940,"BC","coarse",-0.00287658500000001
"829",940,"BC","medium",-0.085060722
"830",943,"BC","medium",0.107781394
"831",944,"BC","coarse",0.000640032
"832",944,"BC","fine",-0.061307635
"833",944,"BC","medium",0.0245042446
"834",950,"BC","coarse",0.041310661
"835",950,"BC","medium",0.010152347
"836",955,"BC","coarse",0.11432874
"837",955,"BC","fine",0.254888575
"838",955,"BC","medium",0.169029638
"839",956,"BC","coarse",0.071943629
"840",956,"BC","fine",0.135318178
"841",956,"BC","medium",-0.150666239
"842",957,"BC","coarse",0.028448392
"843",957,"BC","medium",-2.59599999999999e-05
"844",958,"BC","coarse",0.2310436606
"845",958,"BC","medium",0.331624439
"846",959,"BC","coarse",-0.0066174464
"847",959,"BC","fine",-0.035918648
"848",959,"BC","medium",-0.029645694
"849",959,"BC","na",-0.082812722
"850",960,"BC","coarse",0.1104494766
"851",962,"BC","medium",0.0231296
"852",969,"BC","medium",0.126572261
"853",971,"BC","coarse",-0.13012294
"854",971,"BC","medium",-0.084317035
"855",972,"BC","coarse",-0.0881786726
"856",972,"BC","fine",-0.217724505
"857",972,"BC","medium",-0.19155343
"858",974,"BC","coarse",0.03582976
"859",974,"BC","fine",0.03000923
"860",974,"BC","medium",0.08884031
"861",975,"BC","coarse",-0.114377308
"862",976,"BC","coarse",-0.04267957
"863",976,"BC","medium",-0.061282433
"864",977,"BC","coarse",-0.0839410986
"865",977,"BC","medium",-0.0596006708
"866",978,"BC","coarse",-0.073238232
"867",978,"BC","medium",-0.061524471
"868",979,"BC","coarse",-0.0373400694
"869",979,"BC","medium",-0.196407676
"870",980,"BC","coarse",-0.128160923
"871",980,"BC","fine",-0.232347972
"872",980,"BC","medium",-0.004249291
"873",981,"BC","coarse",0.232414002
"874",981,"BC","fine",0.107556548
"875",981,"BC","medium",0.163209959
"876",982,"BC","coarse",-0.053276843
"877",982,"BC","fine",-0.1940503
"878",982,"BC","medium",-0.1586541446
"879",987,"BC","coarse",-5.12280000000018e-05
"880",987,"BC","medium",0.008254994
"881",988,"BC","coarse",-0.105077951
"882",988,"BC","medium",0.022483329
"883",990,"BC","coarse",0.00190052
"884",990,"BC","medium",-0.025265272
"885",991,"BC","coarse",-0.0234146818
"886",991,"BC","fine",-0.20618201
"887",991,"BC","medium",-0.182003848
"888",992,"BC","coarse",-0.0736809192
"889",992,"BC","medium",-0.227897266
"890",995,"BC","coarse",0.067921097
"891",995,"BC","medium",0.15370088
"892",1001,"BC","coarse",0.0753836702
"893",1001,"BC","medium",-0.0177054994
"894",1002,"BC","coarse",0.1030623146
"895",1002,"BC","medium",0.0648298562
"896",1003,"BC","coarse",0.1674804352
"897",1004,"BC","coarse",-0.0245601348
"898",1004,"BC","fine",-0.2038045112
"899",1004,"BC","medium",-0.177002002
"900",1005,"BC","coarse",0.0035215522
"901",1005,"BC","medium",0.0050109618
"902",1006,"BC","coarse",0.000921703599999995
"903",1006,"BC","medium",0.0525869838
"904",1007,"BC","coarse",0.0235710788
"905",1007,"BC","fine",-0.012663952
"906",1007,"BC","medium",-0.1443397746
"907",1008,"BC","coarse",-0.0774384444
"908",1008,"BC","fine",-0.0295783444
"909",1008,"BC","medium",-0.0141959328
"910",1009,"BC","coarse",0.1415069464
"911",1009,"BC","medium",0.1190917616
"912",1010,"BC","coarse",0.0319270936
"913",1010,"BC","medium",0.032371542
"914",1011,"BC","coarse",0.041743085
"915",1011,"BC","medium",0.072857598
"916",1012,"BC","coarse",-0.0481263372
"917",1012,"BC","medium",0.017006582
"918",1013,"BC","coarse",-0.022688007
"919",1013,"BC","fine",-0.284761616
"920",1013,"BC","medium",-0.071899823
"921",1015,"BC","coarse",0.217394223
"922",1015,"BC","medium",0.0988701208
"923",1016,"AB","coarse",-0.00513331
"924",1016,"AB","medium",0.1530671712
"925",1017,"BC","coarse",0.197696542
"926",1017,"BC","medium",0.074325469
"927",1018,"AB","coarse",0.0488467332
"928",1018,"AB","fine",0.22982952
"929",1018,"AB","medium",0.1197443526
"930",9593,"AB","fine",0.065260437
"931",9593,"AB","medium",-0.004494745
"932",9607,"AB","fine",-0.256241889
"933",9609,"AB","coarse",0.015376906
"934",9609,"AB","fine",-0.056206066
"935",9609,"AB","medium",0.013761763
"936",9687,"AB","coarse",0.020883402
"937",9687,"AB","medium",0.068339373
"938",9787,"AB","medium",-0.038054897
